Y,month,decimal_year,t,timer1750,average,interpolated_monthly,trended,Year,time,interpolated
1958,3,1958.208,0.208,208.208,315.71,315.71,314.62,1958,0,315.241
1958,4,1958.292,0.292,208.292,317.45,317.45,315.29,1959,1,315.9741667
1958,5,1958.375,0.375,208.375,317.5,317.5,314.71,1960,2,316.9075
1958,6,1958.458,0.458,208.458,-99.99,317.1,314.85,1961,3,317.6375
1958,7,1958.542,0.542,208.542,315.86,315.86,314.98,1962,4,318.4508333
1958,8,1958.625,0.625,208.625,314.93,314.93,315.94,1963,5,318.9941667
1958,9,1958.708,0.708,208.708,313.2,313.2,315.91,1964,6,319.6175
1958,10,1958.792,0.792,208.792,-99.99,312.66,315.61,1965,7,320.0441667
1958,11,1958.875,0.875,208.875,313.33,313.33,315.31,1966,8,321.3833333
1958,12,1958.958,0.958,208.958,314.67,314.67,315.61,1967,9,322.1575
1959,1,1959.042,1.042,209.042,315.62,315.62,315.7,1968,10,323.045
1959,2,1959.125,1.125,209.125,316.38,316.38,315.88,1969,11,324.6241667
1959,3,1959.208,1.208,209.208,316.71,316.71,315.62,1970,12,325.68
1959,4,1959.292,1.292,209.292,317.72,317.72,315.56,1971,13,326.32
1959,5,1959.375,1.375,209.375,318.29,318.29,315.5,1972,14,327.4533333
1959,6,1959.458,1.458,209.458,318.15,318.15,315.92,1973,15,329.6766667
1959,7,1959.542,1.542,209.542,316.54,316.54,315.66,1974,16,330.1841667
1959,8,1959.625,1.625,209.625,314.8,314.8,315.81,1975,17,331.115
1959,9,1959.708,1.708,209.708,313.84,313.84,316.55,1976,18,332.04
1959,10,1959.792,1.792,209.792,313.26,313.26,316.19,1977,19,333.8316667
1959,11,1959.875,1.875,209.875,314.8,314.8,316.78,1978,20,335.4033333
1959,12,1959.958,1.958,209.958,315.58,315.58,316.52,1979,21,336.8416667
1960,1,1960.042,2.042,210.042,316.43,316.43,316.51,1980,22,338.6258333
1960,2,1960.125,2.125,210.125,316.97,316.97,316.47,1981,23,340.105
1960,3,1960.208,2.208,210.208,317.58,317.58,316.49,1982,24,341.4475
1960,4,1960.292,2.292,210.292,319.02,319.02,316.86,1983,25,343.0541667
1960,5,1960.375,2.375,210.375,320.03,320.03,317.24,1984,26,344.6508333
1960,6,1960.458,2.458,210.458,319.59,319.59,317.36,1985,27,346.0175
1960,7,1960.542,2.542,210.542,318.18,318.18,317.3,1986,28,347.42
1960,8,1960.625,2.625,210.625,315.91,315.91,316.92,1987,29,349.1941667
1960,9,1960.708,2.708,210.708,314.16,314.16,316.87,1988,30,351.5666667
1960,10,1960.792,2.792,210.792,313.83,313.83,316.76,1989,31,353.1208333
1960,11,1960.875,2.875,210.875,315,315,316.98,1990,32,354.3941667
1960,12,1960.958,2.958,210.958,316.19,316.19,317.13,1991,33,355.6075
1961,1,1961.042,3.042,211.042,316.93,316.93,317.03,1992,34,356.4458333
1961,2,1961.125,3.125,211.125,317.7,317.7,317.28,1993,35,357.1
1961,3,1961.208,3.208,211.208,318.54,318.54,317.47,1994,36,358.8325
1961,4,1961.292,3.292,211.292,319.48,319.48,317.27,1995,37,360.82
1961,5,1961.375,3.375,211.375,320.58,320.58,317.7,1996,38,362.6066667
1961,6,1961.458,3.458,211.458,319.77,319.77,317.48,1997,39,363.7291667
1961,7,1961.542,3.542,211.542,318.57,318.57,317.7,1998,40,366.7
1961,8,1961.625,3.625,211.625,316.79,316.79,317.8,1999,41,368.3775
1961,9,1961.708,3.708,211.708,314.8,314.8,317.49,2000,42,369.5491667
1961,10,1961.792,3.792,211.792,315.38,315.38,318.35,2001,43,371.1433333
1961,11,1961.875,3.875,211.875,316.1,316.1,318.13,2002,44,373.2791667
1961,12,1961.958,3.958,211.958,317.01,317.01,317.94,2003,45,375.8016667
1962,1,1962.042,4.042,212.042,317.94,317.94,318.06,2004,46,377.5225
1962,2,1962.125,4.125,212.125,318.56,318.56,318.11,2005,47,379.7958333
1962,3,1962.208,4.208,212.208,319.68,319.68,318.57,2006,48,381.8958333
1962,4,1962.292,4.292,212.292,320.63,320.63,318.45,2007,49,383.7916667
1962,5,1962.375,4.375,212.375,321.01,321.01,318.2,2008,50,385.6041667
1962,6,1962.458,4.458,212.458,320.55,320.55,318.27,2009,51,387.43
1962,7,1962.542,4.542,212.542,319.58,319.58,318.67,2010,52,389.8991667
1962,8,1962.625,4.625,212.625,317.4,317.4,318.48,2011,53,391.6525
1962,9,1962.708,4.708,212.708,316.26,316.26,319.03,2012,54,393.8533333
1962,10,1962.792,4.792,212.792,315.42,315.42,318.33,2013,55,396.5208333
1962,11,1962.875,4.875,212.875,316.69,316.69,318.62,2014,56,398.6475
1962,12,1962.958,4.958,212.958,317.69,317.69,318.61,2015,57,400.8341667
1963,1,1963.042,5.042,213.042,318.74,318.74,318.91,2016,58,404.2391667
1963,2,1963.125,5.125,213.125,319.08,319.08,318.68,2017,59,406.5533333
1963,3,1963.208,5.208,213.208,319.86,319.86,318.69,2018,60,408.5216667
1963,4,1963.292,5.292,213.292,321.39,321.39,319.09,2019,61,411.524
1963,5,1963.375,5.375,213.375,322.25,322.25,319.39,,,
1963,6,1963.458,5.458,213.458,321.47,321.47,319.16,,,
1963,7,1963.542,5.542,213.542,319.74,319.74,318.77,,,
1963,8,1963.625,5.625,213.625,317.77,317.77,318.83,,,
1963,9,1963.708,5.708,213.708,316.21,316.21,319.06,,,
1963,10,1963.792,5.792,213.792,315.99,315.99,319,,,
1963,11,1963.875,5.875,213.875,317.12,317.12,319.1,,,
1963,12,1963.958,5.958,213.958,318.31,318.31,319.25,,,
1964,1,1964.042,6.042,214.042,319.57,319.57,319.67,,,
1964,2,1964.125,6.125,214.125,-99.99,320.07,319.61,,,
1964,3,1964.208,6.208,214.208,-99.99,320.73,319.55,,,
1964,4,1964.292,6.292,214.292,-99.99,321.77,319.48,,,
1964,5,1964.375,6.375,214.375,322.25,322.25,319.42,,,
1964,6,1964.458,6.458,214.458,321.89,321.89,319.69,,,
1964,7,1964.542,6.542,214.542,320.44,320.44,319.58,,,
1964,8,1964.625,6.625,214.625,318.7,318.7,319.81,,,
1964,9,1964.708,6.708,214.708,316.7,316.7,319.56,,,
1964,10,1964.792,6.792,214.792,316.79,316.79,319.78,,,
1964,11,1964.875,6.875,214.875,317.79,317.79,319.72,,,
1964,12,1964.958,6.958,214.958,318.71,318.71,319.59,,,
1965,1,1965.042,7.042,215.042,319.44,319.44,319.48,,,
1965,2,1965.125,7.125,215.125,320.44,320.44,319.97,,,
1965,3,1965.208,7.208,215.208,320.89,320.89,319.65,,,
1965,4,1965.292,7.292,215.292,322.13,322.13,319.8,,,
1965,5,1965.375,7.375,215.375,322.16,322.16,319.36,,,
1965,6,1965.458,7.458,215.458,321.87,321.87,319.65,,,
1965,7,1965.542,7.542,215.542,321.39,321.39,320.51,,,
1965,8,1965.625,7.625,215.625,318.81,318.81,319.93,,,
1965,9,1965.708,7.708,215.708,317.81,317.81,320.68,,,
1965,10,1965.792,7.792,215.792,317.3,317.3,320.36,,,
1965,11,1965.875,7.875,215.875,318.87,318.87,320.87,,,
1965,12,1965.958,7.958,215.958,319.42,319.42,320.26,,,
1966,1,1966.042,8.042,216.042,320.62,320.62,320.63,,,
1966,2,1966.125,8.125,216.125,321.59,321.59,321.1,,,
1966,3,1966.208,8.208,216.208,322.39,322.39,321.16,,,
1966,4,1966.292,8.292,216.292,323.87,323.87,321.51,,,
1966,5,1966.375,8.375,216.375,324.01,324.01,321.18,,,
1966,6,1966.458,8.458,216.458,323.75,323.75,321.52,,,
1966,7,1966.542,8.542,216.542,322.39,322.39,321.49,,,
1966,8,1966.625,8.625,216.625,320.37,320.37,321.5,,,
1966,9,1966.708,8.708,216.708,318.64,318.64,321.54,,,
1966,10,1966.792,8.792,216.792,318.1,318.1,321.18,,,
1966,11,1966.875,8.875,216.875,319.79,319.79,321.84,,,
1966,12,1966.958,8.958,216.958,321.08,321.08,321.95,,,
1967,1,1967.042,9.042,217.042,322.07,322.07,322.07,,,
1967,2,1967.125,9.125,217.125,322.5,322.5,321.94,,,
1967,3,1967.208,9.208,217.208,323.04,323.04,321.72,,,
1967,4,1967.292,9.292,217.292,324.42,324.42,322.05,,,
1967,5,1967.375,9.375,217.375,325,325,322.27,,,
1967,6,1967.458,9.458,217.458,324.09,324.09,321.94,,,
1967,7,1967.542,9.542,217.542,322.55,322.55,321.66,,,
1967,8,1967.625,9.625,217.625,320.92,320.92,322.04,,,
1967,9,1967.708,9.708,217.708,319.31,319.31,322.19,,,
1967,10,1967.792,9.792,217.792,319.31,319.31,322.36,,,
1967,11,1967.875,9.875,217.875,320.72,320.72,322.78,,,
1967,12,1967.958,9.958,217.958,321.96,321.96,322.86,,,
1968,1,1968.042,10.042,218.042,322.57,322.57,322.55,,,
1968,2,1968.125,10.125,218.125,323.15,323.15,322.56,,,
1968,3,1968.208,10.208,218.208,323.89,323.89,322.59,,,
1968,4,1968.292,10.292,218.292,325.02,325.02,322.73,,,
1968,5,1968.375,10.375,218.375,325.57,325.57,322.87,,,
1968,6,1968.458,10.458,218.458,325.36,325.36,323.2,,,
1968,7,1968.542,10.542,218.542,324.14,324.14,323.25,,,
1968,8,1968.625,10.625,218.625,322.03,322.03,323.15,,,
1968,9,1968.708,10.708,218.708,320.41,320.41,323.31,,,
1968,10,1968.792,10.792,218.792,320.25,320.25,323.32,,,
1968,11,1968.875,10.875,218.875,321.31,321.31,323.32,,,
1968,12,1968.958,10.958,218.958,322.84,322.84,323.69,,,
1969,1,1969.042,11.042,219.042,324,324,323.98,,,
1969,2,1969.125,11.125,219.125,324.42,324.42,323.89,,,
1969,3,1969.208,11.208,219.208,325.64,325.64,324.41,,,
1969,4,1969.292,11.292,219.292,326.66,326.66,324.35,,,
1969,5,1969.375,11.375,219.375,327.34,327.34,324.57,,,
1969,6,1969.458,11.458,219.458,326.76,326.76,324.63,,,
1969,7,1969.542,11.542,219.542,325.88,325.88,325.08,,,
1969,8,1969.625,11.625,219.625,323.67,323.67,324.8,,,
1969,9,1969.708,11.708,219.708,322.38,322.38,325.28,,,
1969,10,1969.792,11.792,219.792,321.78,321.78,324.84,,,
1969,11,1969.875,11.875,219.875,322.85,322.85,324.78,,,
1969,12,1969.958,11.958,219.958,324.11,324.11,324.88,,,
1970,1,1970.042,12.042,220.042,325.03,325.03,325.04,,,
1970,2,1970.125,12.125,220.125,325.99,325.99,325.42,,,
1970,3,1970.208,12.208,220.208,326.87,326.87,325.69,,,
1970,4,1970.292,12.292,220.292,328.13,328.13,325.86,,,
1970,5,1970.375,12.375,220.375,328.07,328.07,325.27,,,
1970,6,1970.458,12.458,220.458,327.66,327.66,325.52,,,
1970,7,1970.542,12.542,220.542,326.35,326.35,325.51,,,
1970,8,1970.625,12.625,220.625,324.69,324.69,325.76,,,
1970,9,1970.708,12.708,220.708,323.1,323.1,325.93,,,
1970,10,1970.792,12.792,220.792,323.16,323.16,326.15,,,
1970,11,1970.875,12.875,220.875,323.98,323.98,325.96,,,
1970,12,1970.958,12.958,220.958,325.13,325.13,326.06,,,
1971,1,1971.042,13.042,221.042,326.17,326.17,326.25,,,
1971,2,1971.125,13.125,221.125,326.68,326.68,326.1,,,
1971,3,1971.208,13.208,221.208,327.18,327.18,325.94,,,
1971,4,1971.292,13.292,221.292,327.78,327.78,325.47,,,
1971,5,1971.375,13.375,221.375,328.92,328.92,326.11,,,
1971,6,1971.458,13.458,221.458,328.57,328.57,326.4,,,
1971,7,1971.542,13.542,221.542,327.34,327.34,326.45,,,
1971,8,1971.625,13.625,221.625,325.46,325.46,326.49,,,
1971,9,1971.708,13.708,221.708,323.36,323.36,326.19,,,
1971,10,1971.792,13.792,221.792,323.57,323.57,326.58,,,
1971,11,1971.875,13.875,221.875,324.8,324.8,326.82,,,
1971,12,1971.958,13.958,221.958,326.01,326.01,327.02,,,
1972,1,1972.042,14.042,222.042,326.77,326.77,326.85,,,
1972,2,1972.125,14.125,222.125,327.63,327.63,327.04,,,
1972,3,1972.208,14.208,222.208,327.75,327.75,326.53,,,
1972,4,1972.292,14.292,222.292,329.72,329.72,327.42,,,
1972,5,1972.375,14.375,222.375,330.07,330.07,327.23,,,
1972,6,1972.458,14.458,222.458,329.09,329.09,326.92,,,
1972,7,1972.542,14.542,222.542,328.05,328.05,327.2,,,
1972,8,1972.625,14.625,222.625,326.32,326.32,327.37,,,
1972,9,1972.708,14.708,222.708,324.93,324.93,327.76,,,
1972,10,1972.792,14.792,222.792,325.06,325.06,328.06,,,
1972,11,1972.875,14.875,222.875,326.5,326.5,328.5,,,
1972,12,1972.958,14.958,222.958,327.55,327.55,328.55,,,
1973,1,1973.042,15.042,223.042,328.54,328.54,328.58,,,
1973,2,1973.125,15.125,223.125,329.56,329.56,328.86,,,
1973,3,1973.208,15.208,223.208,330.3,330.3,328.99,,,
1973,4,1973.292,15.292,223.292,331.5,331.5,329.14,,,
1973,5,1973.375,15.375,223.375,332.48,332.48,329.62,,,
1973,6,1973.458,15.458,223.458,332.07,332.07,329.94,,,
1973,7,1973.542,15.542,223.542,330.87,330.87,330.05,,,
1973,8,1973.625,15.625,223.625,329.31,329.31,330.42,,,
1973,9,1973.708,15.708,223.708,327.51,327.51,330.45,,,
1973,10,1973.792,15.792,223.792,327.18,327.18,330.23,,,
1973,11,1973.875,15.875,223.875,328.16,328.16,330.16,,,
1973,12,1973.958,15.958,223.958,328.64,328.64,329.66,,,
1974,1,1974.042,16.042,224.042,329.35,329.35,329.45,,,
1974,2,1974.125,16.125,224.125,330.71,330.71,330.12,,,
1974,3,1974.208,16.208,224.208,331.48,331.48,330.2,,,
1974,4,1974.292,16.292,224.292,332.65,332.65,330.26,,,
1974,5,1974.375,16.375,224.375,333.19,333.19,330.27,,,
1974,6,1974.458,16.458,224.458,332.16,332.16,329.94,,,
1974,7,1974.542,16.542,224.542,331.07,331.07,330.23,,,
1974,8,1974.625,16.625,224.625,329.12,329.12,330.26,,,
1974,9,1974.708,16.708,224.708,327.32,327.32,330.28,,,
1974,10,1974.792,16.792,224.792,327.28,327.28,330.36,,,
1974,11,1974.875,16.875,224.875,328.3,328.3,330.28,,,
1974,12,1974.958,16.958,224.958,329.58,329.58,330.55,,,
1975,1,1975.042,17.042,225.042,330.73,330.73,330.89,,,
1975,2,1975.125,17.125,225.125,331.46,331.46,330.93,,,
1975,3,1975.208,17.208,225.208,331.9,331.9,330.54,,,
1975,4,1975.292,17.292,225.292,333.17,333.17,330.67,,,
1975,5,1975.375,17.375,225.375,333.94,333.94,330.98,,,
1975,6,1975.458,17.458,225.458,333.45,333.45,331.2,,,
1975,7,1975.542,17.542,225.542,331.98,331.98,331.12,,,
1975,8,1975.625,17.625,225.625,329.95,329.95,331.11,,,
1975,9,1975.708,17.708,225.708,328.5,328.5,331.48,,,
1975,10,1975.792,17.792,225.792,328.35,328.35,331.46,,,
1975,11,1975.875,17.875,225.875,329.37,329.37,331.41,,,
1975,12,1975.958,17.958,225.958,-99.99,330.58,331.6,,,
1976,1,1976.042,18.042,226.042,331.59,331.59,331.79,,,
1976,2,1976.125,18.125,226.125,332.75,332.75,332.2,,,
1976,3,1976.208,18.208,226.208,333.52,333.52,332.05,,,
1976,4,1976.292,18.292,226.292,334.64,334.64,332.13,,,
1976,5,1976.375,18.375,226.375,334.77,334.77,331.84,,,
1976,6,1976.458,18.458,226.458,334,334,331.65,,,
1976,7,1976.542,18.542,226.542,333.06,333.06,332.14,,,
1976,8,1976.625,18.625,226.625,330.68,330.68,331.88,,,
1976,9,1976.708,18.708,226.708,328.95,328.95,331.94,,,
1976,10,1976.792,18.792,226.792,328.75,328.75,331.92,,,
1976,11,1976.875,18.875,226.875,330.15,330.15,332.29,,,
1976,12,1976.958,18.958,226.958,331.62,331.62,332.66,,,
1977,1,1977.042,19.042,227.042,332.66,332.66,332.76,,,
1977,2,1977.125,19.125,227.125,333.13,333.13,332.51,,,
1977,3,1977.208,19.208,227.208,334.95,334.95,333.35,,,
1977,4,1977.292,19.292,227.292,336.13,336.13,333.51,,,
1977,5,1977.375,19.375,227.375,336.93,336.93,333.98,,,
1977,6,1977.458,19.458,227.458,336.17,336.17,333.8,,,
1977,7,1977.542,19.542,227.542,334.88,334.88,334.02,,,
1977,8,1977.625,19.625,227.625,332.56,332.56,333.91,,,
1977,9,1977.708,19.708,227.708,331.29,331.29,334.36,,,
1977,10,1977.792,19.792,227.792,331.27,331.27,334.52,,,
1977,11,1977.875,19.875,227.875,332.41,332.41,334.64,,,
1977,12,1977.958,19.958,227.958,333.6,333.6,334.61,,,
1978,1,1978.042,20.042,228.042,334.95,334.95,335.01,,,
1978,2,1978.125,20.125,228.125,335.25,335.25,334.58,,,
1978,3,1978.208,20.208,228.208,336.66,336.66,335,,,
1978,4,1978.292,20.292,228.292,337.69,337.69,335.06,,,
1978,5,1978.375,20.375,228.375,338.03,338.03,335.06,,,
1978,6,1978.458,20.458,228.458,338.01,338.01,335.59,,,
1978,7,1978.542,20.542,228.542,336.41,336.41,335.57,,,
1978,8,1978.625,20.625,228.625,334.41,334.41,335.87,,,
1978,9,1978.708,20.708,228.708,332.37,332.37,335.51,,,
1978,10,1978.792,20.792,228.792,332.41,332.41,335.68,,,
1978,11,1978.875,20.875,228.875,333.75,333.75,335.99,,,
1978,12,1978.958,20.958,228.958,334.9,334.9,335.88,,,
1979,1,1979.042,21.042,229.042,336.14,336.14,336.22,,,
1979,2,1979.125,21.125,229.125,336.69,336.69,336.01,,,
1979,3,1979.208,21.208,229.208,338.27,338.27,336.54,,,
1979,4,1979.292,21.292,229.292,338.95,338.95,336.24,,,
1979,5,1979.375,21.375,229.375,339.21,339.21,336.21,,,
1979,6,1979.458,21.458,229.458,339.26,339.26,336.84,,,
1979,7,1979.542,21.542,229.542,337.54,337.54,336.72,,,
1979,8,1979.625,21.625,229.625,335.75,335.75,337.24,,,
1979,9,1979.708,21.708,229.708,333.98,333.98,337.2,,,
1979,10,1979.792,21.792,229.792,334.19,334.19,337.53,,,
1979,11,1979.875,21.875,229.875,335.31,335.31,337.57,,,
1979,12,1979.958,21.958,229.958,336.81,336.81,337.79,,,
1980,1,1980.042,22.042,230.042,337.9,337.9,338.09,,,
1980,2,1980.125,22.125,230.125,338.34,338.34,337.82,,,
1980,3,1980.208,22.208,230.208,340.01,340.01,338.43,,,
1980,4,1980.292,22.292,230.292,340.93,340.93,338.3,,,
1980,5,1980.375,22.375,230.375,341.48,341.48,338.43,,,
1980,6,1980.458,22.458,230.458,341.33,341.33,338.84,,,
1980,7,1980.542,22.542,230.542,339.4,339.4,338.54,,,
1980,8,1980.625,22.625,230.625,337.7,337.7,339.12,,,
1980,9,1980.708,22.708,230.708,336.19,336.19,339.33,,,
1980,10,1980.792,22.792,230.792,336.15,336.15,339.42,,,
1980,11,1980.875,22.875,230.875,337.27,337.27,339.42,,,
1980,12,1980.958,22.958,230.958,338.32,338.32,339.26,,,
1981,1,1981.042,23.042,231.042,339.29,339.29,339.38,,,
1981,2,1981.125,23.125,231.125,340.55,340.55,339.93,,,
1981,3,1981.208,23.208,231.208,341.61,341.61,340.06,,,
1981,4,1981.292,23.292,231.292,342.53,342.53,339.94,,,
1981,5,1981.375,23.375,231.375,343.03,343.03,339.98,,,
1981,6,1981.458,23.458,231.458,342.54,342.54,340.07,,,
1981,7,1981.542,23.542,231.542,340.78,340.78,339.92,,,
1981,8,1981.625,23.625,231.625,338.44,338.44,339.86,,,
1981,9,1981.708,23.708,231.708,336.95,336.95,340.17,,,
1981,10,1981.792,23.792,231.792,337.08,337.08,340.43,,,
1981,11,1981.875,23.875,231.875,338.58,338.58,340.74,,,
1981,12,1981.958,23.958,231.958,339.88,339.88,340.79,,,
1982,1,1982.042,24.042,232.042,340.96,340.96,341.1,,,
1982,2,1982.125,24.125,232.125,341.73,341.73,341.1,,,
1982,3,1982.208,24.208,232.208,342.81,342.81,341.21,,,
1982,4,1982.292,24.292,232.292,343.97,343.97,341.37,,,
1982,5,1982.375,24.375,232.375,344.63,344.63,341.56,,,
1982,6,1982.458,24.458,232.458,343.79,343.79,341.35,,,
1982,7,1982.542,24.542,232.542,342.32,342.32,341.55,,,
1982,8,1982.625,24.625,232.625,340.09,340.09,341.51,,,
1982,9,1982.708,24.708,232.708,338.28,338.28,341.47,,,
1982,10,1982.792,24.792,232.792,338.29,338.29,341.65,,,
1982,11,1982.875,24.875,232.875,339.6,339.6,341.73,,,
1982,12,1982.958,24.958,232.958,340.9,340.9,341.79,,,
1983,1,1983.042,25.042,233.042,341.68,341.68,341.84,,,
1983,2,1983.125,25.125,233.125,342.9,342.9,342.32,,,
1983,3,1983.208,25.208,233.208,343.33,343.33,341.82,,,
1983,4,1983.292,25.292,233.292,345.25,345.25,342.66,,,
1983,5,1983.375,25.375,233.375,346.03,346.03,342.87,,,
1983,6,1983.458,25.458,233.458,345.63,345.63,343.15,,,
1983,7,1983.542,25.542,233.542,344.19,344.19,343.44,,,
1983,8,1983.625,25.625,233.625,342.27,342.27,343.66,,,
1983,9,1983.708,25.708,233.708,340.35,340.35,343.49,,,
1983,10,1983.792,25.792,233.792,340.38,340.38,343.72,,,
1983,11,1983.875,25.875,233.875,341.59,341.59,343.71,,,
1983,12,1983.958,25.958,233.958,343.05,343.05,343.96,,,
1984,1,1984.042,26.042,234.042,344.1,344.1,344.2,,,
1984,2,1984.125,26.125,234.125,344.79,344.79,344.22,,,
1984,3,1984.208,26.208,234.208,345.52,345.52,344.09,,,
1984,4,1984.292,26.292,234.292,-99.99,346.84,344.27,,,
1984,5,1984.375,26.375,234.375,347.63,347.63,344.45,,,
1984,6,1984.458,26.458,234.458,346.98,346.98,344.52,,,
1984,7,1984.542,26.542,234.542,345.53,345.53,344.76,,,
1984,8,1984.625,26.625,234.625,343.55,343.55,344.94,,,
1984,9,1984.708,26.708,234.708,341.4,341.4,344.58,,,
1984,10,1984.792,26.792,234.792,341.67,341.67,345.01,,,
1984,11,1984.875,26.875,234.875,343.1,343.1,345.2,,,
1984,12,1984.958,26.958,234.958,344.7,344.7,345.57,,,
1985,1,1985.042,27.042,235.042,345.21,345.21,345.31,,,
1985,2,1985.125,27.125,235.125,346.16,346.16,345.61,,,
1985,3,1985.208,27.208,235.208,347.74,347.74,346.37,,,
1985,4,1985.292,27.292,235.292,348.34,348.34,345.79,,,
1985,5,1985.375,27.375,235.375,349.06,349.06,345.91,,,
1985,6,1985.458,27.458,235.458,348.38,348.38,345.94,,,
1985,7,1985.542,27.542,235.542,346.71,346.71,345.89,,,
1985,8,1985.625,27.625,235.625,345.02,345.02,346.34,,,
1985,9,1985.708,27.708,235.708,343.27,343.27,346.4,,,
1985,10,1985.792,27.792,235.792,343.13,343.13,346.42,,,
1985,11,1985.875,27.875,235.875,344.49,344.49,346.61,,,
1985,12,1985.958,27.958,235.958,345.88,345.88,346.81,,,
1986,1,1986.042,28.042,236.042,346.56,346.56,346.59,,,
1986,2,1986.125,28.125,236.125,347.28,347.28,346.74,,,
1986,3,1986.208,28.208,236.208,348.01,348.01,346.68,,,
1986,4,1986.292,28.292,236.292,349.77,349.77,347.22,,,
1986,5,1986.375,28.375,236.375,350.38,350.38,347.26,,,
1986,6,1986.458,28.458,236.458,349.93,349.93,347.52,,,
1986,7,1986.542,28.542,236.542,348.16,348.16,347.33,,,
1986,8,1986.625,28.625,236.625,346.08,346.08,347.41,,,
1986,9,1986.708,28.708,236.708,345.22,345.22,348.35,,,
1986,10,1986.792,28.792,236.792,344.51,344.51,347.77,,,
1986,11,1986.875,28.875,236.875,345.93,345.93,348.04,,,
1986,12,1986.958,28.958,236.958,347.21,347.21,348.12,,,
1987,1,1987.042,29.042,237.042,348.52,348.52,348.47,,,
1987,2,1987.125,29.125,237.125,348.73,348.73,348.02,,,
1987,3,1987.208,29.208,237.208,349.73,349.73,348.3,,,
1987,4,1987.292,29.292,237.292,351.31,351.31,348.77,,,
1987,5,1987.375,29.375,237.375,352.09,352.09,349.01,,,
1987,6,1987.458,29.458,237.458,351.53,351.53,349.2,,,
1987,7,1987.542,29.542,237.542,350.11,350.11,349.39,,,
1987,8,1987.625,29.625,237.625,348.08,348.08,349.49,,,
1987,9,1987.708,29.708,237.708,346.52,346.52,349.7,,,
1987,10,1987.792,29.792,237.792,346.59,346.59,349.86,,,
1987,11,1987.875,29.875,237.875,347.96,347.96,350.07,,,
1987,12,1987.958,29.958,237.958,349.16,349.16,350.05,,,
1988,1,1988.042,30.042,238.042,350.39,350.39,350.39,,,
1988,2,1988.125,30.125,238.125,351.64,351.64,350.94,,,
1988,3,1988.208,30.208,238.208,352.4,352.4,350.87,,,
1988,4,1988.292,30.292,238.292,353.69,353.69,351.01,,,
1988,5,1988.375,30.375,238.375,354.21,354.21,351.06,,,
1988,6,1988.458,30.458,238.458,353.72,353.72,351.37,,,
1988,7,1988.542,30.542,238.542,352.69,352.69,352.02,,,
1988,8,1988.625,30.625,238.625,350.4,350.4,351.9,,,
1988,9,1988.708,30.708,238.708,348.92,348.92,352.13,,,
1988,10,1988.792,30.792,238.792,349.13,349.13,352.41,,,
1988,11,1988.875,30.875,238.875,350.2,350.2,352.34,,,
1988,12,1988.958,30.958,238.958,351.41,351.41,352.35,,,
1989,1,1989.042,31.042,239.042,352.91,352.91,352.85,,,
1989,2,1989.125,31.125,239.125,353.27,353.27,352.54,,,
1989,3,1989.208,31.208,239.208,353.96,353.96,352.47,,,
1989,4,1989.292,31.292,239.292,355.64,355.64,352.97,,,
1989,5,1989.375,31.375,239.375,355.86,355.86,352.67,,,
1989,6,1989.458,31.458,239.458,355.37,355.37,352.97,,,
1989,7,1989.542,31.542,239.542,353.99,353.99,353.3,,,
1989,8,1989.625,31.625,239.625,351.81,351.81,353.37,,,
1989,9,1989.708,31.708,239.708,350.05,350.05,353.32,,,
1989,10,1989.792,31.792,239.792,350.25,350.25,353.52,,,
1989,11,1989.875,31.875,239.875,351.49,351.49,353.65,,,
1989,12,1989.958,31.958,239.958,352.85,352.85,353.8,,,
1990,1,1990.042,32.042,240.042,353.8,353.8,353.74,,,
1990,2,1990.125,32.125,240.125,355.04,355.04,354.33,,,
1990,3,1990.208,32.208,240.208,355.73,355.73,354.24,,,
1990,4,1990.292,32.292,240.292,356.32,356.32,353.68,,,
1990,5,1990.375,32.375,240.375,357.32,357.32,354.16,,,
1990,6,1990.458,32.458,240.458,356.34,356.34,353.97,,,
1990,7,1990.542,32.542,240.542,354.84,354.84,354.19,,,
1990,8,1990.625,32.625,240.625,353.01,353.01,354.61,,,
1990,9,1990.708,32.708,240.708,351.31,351.31,354.61,,,
1990,10,1990.792,32.792,240.792,351.62,351.62,354.89,,,
1990,11,1990.875,32.875,240.875,353.07,353.07,355.13,,,
1990,12,1990.958,32.958,240.958,354.33,354.33,355.19,,,
1991,1,1991.042,33.042,241.042,354.84,354.84,354.82,,,
1991,2,1991.125,33.125,241.125,355.73,355.73,355.02,,,
1991,3,1991.208,33.208,241.208,357.23,357.23,355.68,,,
1991,4,1991.292,33.292,241.292,358.66,358.66,356.02,,,
1991,5,1991.375,33.375,241.375,359.13,359.13,356.01,,,
1991,6,1991.458,33.458,241.458,358.13,358.13,355.8,,,
1991,7,1991.542,33.542,241.542,356.19,356.19,355.59,,,
1991,8,1991.625,33.625,241.625,353.85,353.85,355.46,,,
1991,9,1991.708,33.708,241.708,352.25,352.25,355.56,,,
1991,10,1991.792,33.792,241.792,352.35,352.35,355.62,,,
1991,11,1991.875,33.875,241.875,353.81,353.81,355.8,,,
1991,12,1991.958,33.958,241.958,355.12,355.12,355.93,,,
1992,1,1992.042,34.042,242.042,356.25,356.25,356.2,,,
1992,2,1992.125,34.125,242.125,357.11,357.11,356.38,,,
1992,3,1992.208,34.208,242.208,357.86,357.86,356.27,,,
1992,4,1992.292,34.292,242.292,359.09,359.09,356.39,,,
1992,5,1992.375,34.375,242.375,359.59,359.59,356.41,,,
1992,6,1992.458,34.458,242.458,359.33,359.33,356.97,,,
1992,7,1992.542,34.542,242.542,357.01,357.01,356.44,,,
1992,8,1992.625,34.625,242.625,354.94,354.94,356.62,,,
1992,9,1992.708,34.708,242.708,352.96,352.96,356.29,,,
1992,10,1992.792,34.792,242.792,353.32,353.32,356.63,,,
1992,11,1992.875,34.875,242.875,354.32,354.32,356.38,,,
1992,12,1992.958,34.958,242.958,355.57,355.57,356.39,,,
1993,1,1993.042,35.042,243.042,357,357,356.96,,,
1993,2,1993.125,35.125,243.125,357.31,357.31,356.44,,,
1993,3,1993.208,35.208,243.208,358.47,358.47,356.76,,,
1993,4,1993.292,35.292,243.292,359.27,359.27,356.59,,,
1993,5,1993.375,35.375,243.375,360.19,360.19,357.03,,,
1993,6,1993.458,35.458,243.458,359.52,359.52,357.12,,,
1993,7,1993.542,35.542,243.542,357.33,357.33,356.76,,,
1993,8,1993.625,35.625,243.625,355.64,355.64,357.32,,,
1993,9,1993.708,35.708,243.708,354.03,354.03,357.39,,,
1993,10,1993.792,35.792,243.792,354.12,354.12,357.49,,,
1993,11,1993.875,35.875,243.875,355.41,355.41,357.54,,,
1993,12,1993.958,35.958,243.958,356.91,356.91,357.8,,,
1994,1,1994.042,36.042,244.042,358.24,358.24,358.13,,,
1994,2,1994.125,36.125,244.125,358.92,358.92,358.09,,,
1994,3,1994.208,36.208,244.208,359.99,359.99,358.29,,,
1994,4,1994.292,36.292,244.292,361.23,361.23,358.46,,,
1994,5,1994.375,36.375,244.375,361.65,361.65,358.46,,,
1994,6,1994.458,36.458,244.458,360.81,360.81,358.44,,,
1994,7,1994.542,36.542,244.542,359.38,359.38,358.79,,,
1994,8,1994.625,36.625,244.625,357.46,357.46,359.16,,,
1994,9,1994.708,36.708,244.708,355.73,355.73,359.17,,,
1994,10,1994.792,36.792,244.792,356.07,356.07,359.49,,,
1994,11,1994.875,36.875,244.875,357.53,357.53,359.68,,,
1994,12,1994.958,36.958,244.958,358.98,358.98,359.83,,,
1995,1,1995.042,37.042,245.042,359.92,359.92,359.79,,,
1995,2,1995.125,37.125,245.125,360.86,360.86,360.05,,,
1995,3,1995.208,37.208,245.208,361.83,361.83,360.22,,,
1995,4,1995.292,37.292,245.292,363.3,363.3,360.62,,,
1995,5,1995.375,37.375,245.375,363.69,363.69,360.58,,,
1995,6,1995.458,37.458,245.458,363.19,363.19,360.84,,,
1995,7,1995.542,37.542,245.542,361.64,361.64,360.97,,,
1995,8,1995.625,37.625,245.625,359.12,359.12,360.73,,,
1995,9,1995.708,37.708,245.708,358.17,358.17,361.55,,,
1995,10,1995.792,37.792,245.792,357.99,357.99,361.37,,,
1995,11,1995.875,37.875,245.875,359.45,359.45,361.59,,,
1995,12,1995.958,37.958,245.958,360.68,360.68,361.53,,,
1996,1,1996.042,38.042,246.042,362.07,362.07,361.85,,,
1996,2,1996.125,38.125,246.125,363.24,363.24,362.35,,,
1996,3,1996.208,38.208,246.208,364.17,364.17,362.53,,,
1996,4,1996.292,38.292,246.292,364.57,364.57,361.86,,,
1996,5,1996.375,38.375,246.375,365.13,365.13,362.1,,,
1996,6,1996.458,38.458,246.458,364.92,364.92,362.69,,,
1996,7,1996.542,38.542,246.542,363.55,363.55,362.85,,,
1996,8,1996.625,38.625,246.625,361.38,361.38,362.98,,,
1996,9,1996.708,38.708,246.708,359.54,359.54,362.99,,,
1996,10,1996.792,38.792,246.792,359.58,359.58,362.97,,,
1996,11,1996.875,38.875,246.875,360.89,360.89,363.03,,,
1996,12,1996.958,38.958,246.958,362.24,362.24,363.08,,,
1997,1,1997.042,39.042,247.042,363.09,363.09,362.88,,,
1997,2,1997.125,39.125,247.125,364.03,364.03,363.22,,,
1997,3,1997.208,39.208,247.208,364.51,364.51,362.88,,,
1997,4,1997.292,39.292,247.292,366.35,366.35,363.68,,,
1997,5,1997.375,39.375,247.375,366.64,366.64,363.74,,,
1997,6,1997.458,39.458,247.458,365.59,365.59,363.41,,,
1997,7,1997.542,39.542,247.542,364.31,364.31,363.6,,,
1997,8,1997.625,39.625,247.625,362.25,362.25,363.84,,,
1997,9,1997.708,39.708,247.708,360.29,360.29,363.68,,,
1997,10,1997.792,39.792,247.792,360.82,360.82,364.12,,,
1997,11,1997.875,39.875,247.875,362.49,362.49,364.56,,,
1997,12,1997.958,39.958,247.958,364.38,364.38,365.15,,,
1998,1,1998.042,40.042,248.042,365.27,365.27,365.07,,,
1998,2,1998.125,40.125,248.125,365.98,365.98,365.17,,,
1998,3,1998.208,40.208,248.208,367.24,367.24,365.6,,,
1998,4,1998.292,40.292,248.292,368.66,368.66,366.03,,,
1998,5,1998.375,40.375,248.375,369.42,369.42,366.55,,,
1998,6,1998.458,40.458,248.458,368.99,368.99,366.8,,,
1998,7,1998.542,40.542,248.542,367.82,367.82,367.14,,,
1998,8,1998.625,40.625,248.625,365.95,365.95,367.55,,,
1998,9,1998.708,40.708,248.708,364.02,364.02,367.37,,,
1998,10,1998.792,40.792,248.792,364.4,364.4,367.67,,,
1998,11,1998.875,40.875,248.875,365.52,365.52,367.56,,,
1998,12,1998.958,40.958,248.958,367.13,367.13,367.88,,,
1999,1,1999.042,41.042,249.042,368.18,368.18,367.96,,,
1999,2,1999.125,41.125,249.125,369.07,369.07,368.26,,,
1999,3,1999.208,41.208,249.208,369.68,369.68,368.08,,,
1999,4,1999.292,41.292,249.292,370.99,370.99,368.45,,,
1999,5,1999.375,41.375,249.375,370.96,370.96,368.15,,,
1999,6,1999.458,41.458,249.458,370.3,370.3,368.13,,,
1999,7,1999.542,41.542,249.542,369.45,369.45,368.77,,,
1999,8,1999.625,41.625,249.625,366.9,366.9,368.48,,,
1999,9,1999.708,41.708,249.708,364.81,364.81,368.13,,,
1999,10,1999.792,41.792,249.792,365.37,365.37,368.64,,,
1999,11,1999.875,41.875,249.875,366.72,366.72,368.71,,,
1999,12,1999.958,41.958,249.958,368.1,368.1,368.77,,,
2000,1,2000.042,42.042,250.042,369.29,369.29,369.08,,,
2000,2,2000.125,42.125,250.125,369.54,369.54,368.83,,,
2000,3,2000.208,42.208,250.208,370.6,370.6,369.09,,,
2000,4,2000.292,42.292,250.292,371.82,371.82,369.28,,,
2000,5,2000.375,42.375,250.375,371.58,371.58,368.71,,,
2000,6,2000.458,42.458,250.458,371.7,371.7,369.5,,,
2000,7,2000.542,42.542,250.542,369.86,369.86,369.2,,,
2000,8,2000.625,42.625,250.625,368.13,368.13,369.72,,,
2000,9,2000.708,42.708,250.708,367,367,370.3,,,
2000,10,2000.792,42.792,250.792,367.03,367.03,370.26,,,
2000,11,2000.875,42.875,250.875,368.37,368.37,370.32,,,
2000,12,2000.958,42.958,250.958,369.67,369.67,370.3,,,
2001,1,2001.042,43.042,251.042,370.59,370.59,370.43,,,
2001,2,2001.125,43.125,251.125,371.51,371.51,370.78,,,
2001,3,2001.208,43.208,251.208,372.43,372.43,370.87,,,
2001,4,2001.292,43.292,251.292,373.37,373.37,370.81,,,
2001,5,2001.375,43.375,251.375,373.85,373.85,370.94,,,
2001,6,2001.458,43.458,251.458,373.22,373.22,370.99,,,
2001,7,2001.542,43.542,251.542,371.51,371.51,370.9,,,
2001,8,2001.625,43.625,251.625,369.61,369.61,371.22,,,
2001,9,2001.708,43.708,251.708,368.18,368.18,371.44,,,
2001,10,2001.792,43.792,251.792,368.45,368.45,371.69,,,
2001,11,2001.875,43.875,251.875,369.76,369.76,371.74,,,
2001,12,2001.958,43.958,251.958,371.24,371.24,371.92,,,
2002,1,2002.042,44.042,252.042,372.53,372.53,372.3,,,
2002,2,2002.125,44.125,252.125,373.2,373.2,372.33,,,
2002,3,2002.208,44.208,252.208,374.12,374.12,372.44,,,
2002,4,2002.292,44.292,252.292,375.02,375.02,372.37,,,
2002,5,2002.375,44.375,252.375,375.76,375.76,372.81,,,
2002,6,2002.458,44.458,252.458,375.52,375.52,373.3,,,
2002,7,2002.542,44.542,252.542,374.01,374.01,373.42,,,
2002,8,2002.625,44.625,252.625,371.85,371.85,373.52,,,
2002,9,2002.708,44.708,252.708,370.75,370.75,374.11,,,
2002,10,2002.792,44.792,252.792,370.55,370.55,373.88,,,
2002,11,2002.875,44.875,252.875,372.25,372.25,374.34,,,
2002,12,2002.958,44.958,252.958,373.79,373.79,374.53,,,
2003,1,2003.042,45.042,253.042,374.88,374.88,374.63,,,
2003,2,2003.125,45.125,253.125,375.64,375.64,374.77,,,
2003,3,2003.208,45.208,253.208,376.45,376.45,374.8,,,
2003,4,2003.292,45.292,253.292,377.73,377.73,375.06,,,
2003,5,2003.375,45.375,253.375,378.6,378.6,375.55,,,
2003,6,2003.458,45.458,253.458,378.28,378.28,376.04,,,
2003,7,2003.542,45.542,253.542,376.7,376.7,376.19,,,
2003,8,2003.625,45.625,253.625,374.38,374.38,376.08,,,
2003,9,2003.708,45.708,253.708,373.17,373.17,376.48,,,
2003,10,2003.792,45.792,253.792,373.14,373.14,376.47,,,
2003,11,2003.875,45.875,253.875,374.66,374.66,376.81,,,
2003,12,2003.958,45.958,253.958,375.99,375.99,376.75,,,
2004,1,2004.042,46.042,254.042,377,377,376.78,,,
2004,2,2004.125,46.125,254.125,377.87,377.87,377.02,,,
2004,3,2004.208,46.208,254.208,378.88,378.88,377.23,,,
2004,4,2004.292,46.292,254.292,380.35,380.35,377.62,,,
2004,5,2004.375,46.375,254.375,380.62,380.62,377.48,,,
2004,6,2004.458,46.458,254.458,379.69,379.69,377.39,,,
2004,7,2004.542,46.542,254.542,377.47,377.47,376.94,,,
2004,8,2004.625,46.625,254.625,376.01,376.01,377.74,,,
2004,9,2004.708,46.708,254.708,374.25,374.25,377.62,,,
2004,10,2004.792,46.792,254.792,374.46,374.46,377.82,,,
2004,11,2004.875,46.875,254.875,376.16,376.16,378.31,,,
2004,12,2004.958,46.958,254.958,377.51,377.51,378.31,,,
2005,1,2005.042,47.042,255.042,378.46,378.46,378.21,,,
2005,2,2005.125,47.125,255.125,379.73,379.73,378.93,,,
2005,3,2005.208,47.208,255.208,380.77,380.77,379.27,,,
2005,4,2005.292,47.292,255.292,382.29,382.29,379.65,,,
2005,5,2005.375,47.375,255.375,382.45,382.45,379.31,,,
2005,6,2005.458,47.458,255.458,382.21,382.21,379.88,,,
2005,7,2005.542,47.542,255.542,380.74,380.74,380.18,,,
2005,8,2005.625,47.625,255.625,378.74,378.74,380.42,,,
2005,9,2005.708,47.708,255.708,376.7,376.7,380.01,,,
2005,10,2005.792,47.792,255.792,377,377,380.31,,,
2005,11,2005.875,47.875,255.875,378.35,378.35,380.5,,,
2005,12,2005.958,47.958,255.958,380.11,380.11,380.9,,,
2006,1,2006.042,48.042,256.042,381.38,381.38,381.14,,,
2006,2,2006.125,48.125,256.125,382.19,382.19,381.39,,,
2006,3,2006.208,48.208,256.208,382.67,382.67,381.14,,,
2006,4,2006.292,48.292,256.292,384.61,384.61,381.91,,,
2006,5,2006.375,48.375,256.375,385.03,385.03,381.87,,,
2006,6,2006.458,48.458,256.458,384.05,384.05,381.75,,,
2006,7,2006.542,48.542,256.542,382.46,382.46,381.91,,,
2006,8,2006.625,48.625,256.625,380.41,380.41,382.08,,,
2006,9,2006.708,48.708,256.708,378.85,378.85,382.16,,,
2006,10,2006.792,48.792,256.792,379.13,379.13,382.46,,,
2006,11,2006.875,48.875,256.875,380.15,380.15,382.33,,,
2006,12,2006.958,48.958,256.958,381.82,381.82,382.64,,,
2007,1,2007.042,49.042,257.042,382.89,382.89,382.67,,,
2007,2,2007.125,49.125,257.125,383.9,383.9,383.01,,,
2007,3,2007.208,49.208,257.208,384.58,384.58,382.94,,,
2007,4,2007.292,49.292,257.292,386.5,386.5,383.71,,,
2007,5,2007.375,49.375,257.375,386.56,386.56,383.34,,,
2007,6,2007.458,49.458,257.458,386.1,386.1,383.84,,,
2007,7,2007.542,49.542,257.542,384.5,384.5,384.02,,,
2007,8,2007.625,49.625,257.625,381.99,381.99,383.7,,,
2007,9,2007.708,49.708,257.708,380.96,380.96,384.32,,,
2007,10,2007.792,49.792,257.792,381.12,381.12,384.47,,,
2007,11,2007.875,49.875,257.875,382.45,382.45,384.65,,,
2007,12,2007.958,49.958,257.958,383.95,383.95,384.83,,,
2008,1,2008.042,50.042,258.042,385.52,385.52,385.28,,,
2008,2,2008.125,50.125,258.125,385.82,385.82,384.96,,,
2008,3,2008.208,50.208,258.208,386.03,386.03,384.48,,,
2008,4,2008.292,50.292,258.292,387.21,387.21,384.58,,,
2008,5,2008.375,50.375,258.375,388.54,388.54,385.45,,,
2008,6,2008.458,50.458,258.458,387.76,387.76,385.46,,,
2008,7,2008.542,50.542,258.542,386.36,386.36,385.8,,,
2008,8,2008.625,50.625,258.625,384.09,384.09,385.75,,,
2008,9,2008.708,50.708,258.708,383.18,383.18,386.46,,,
2008,10,2008.792,50.792,258.792,382.99,382.99,386.27,,,
2008,11,2008.875,50.875,258.875,384.19,384.19,386.37,,,
2008,12,2008.958,50.958,258.958,385.56,385.56,386.41,,,
2009,1,2009.042,51.042,259.042,386.94,386.94,386.63,,,
2009,2,2009.125,51.125,259.125,387.48,387.48,386.59,,,
2009,3,2009.208,51.208,259.208,388.82,388.82,387.32,,,
2009,4,2009.292,51.292,259.292,389.55,389.55,386.92,,,
2009,5,2009.375,51.375,259.375,390.14,390.14,387.02,,,
2009,6,2009.458,51.458,259.458,389.48,389.48,387.24,,,
2009,7,2009.542,51.542,259.542,388.03,388.03,387.55,,,
2009,8,2009.625,51.625,259.625,386.11,386.11,387.8,,,
2009,9,2009.708,51.708,259.708,384.74,384.74,388.01,,,
2009,10,2009.792,51.792,259.792,384.43,384.43,387.68,,,
2009,11,2009.875,51.875,259.875,386.02,386.02,388.16,,,
2009,12,2009.958,51.958,259.958,387.42,387.42,388.23,,,
2010,1,2010.042,52.042,260.042,388.71,388.71,388.41,,,
2010,2,2010.125,52.125,260.125,390.2,390.2,389.26,,,
2010,3,2010.208,52.208,260.208,391.17,391.17,389.65,,,
2010,4,2010.292,52.292,260.292,392.46,392.46,389.89,,,
2010,5,2010.375,52.375,260.375,393,393,389.88,,,
2010,6,2010.458,52.458,260.458,392.15,392.15,389.89,,,
2010,7,2010.542,52.542,260.542,390.2,390.2,389.72,,,
2010,8,2010.625,52.625,260.625,388.35,388.35,390.01,,,
2010,9,2010.708,52.708,260.708,386.85,386.85,390.14,,,
2010,10,2010.792,52.792,260.792,387.24,387.24,390.53,,,
2010,11,2010.875,52.875,260.875,388.67,388.67,390.79,,,
2010,12,2010.958,52.958,260.958,389.79,389.79,390.6,,,
2011,1,2011.042,53.042,261.042,391.33,391.33,391.03,,,
2011,2,2011.125,53.125,261.125,391.86,391.86,390.94,,,
2011,3,2011.208,53.208,261.208,392.6,392.6,391.07,,,
2011,4,2011.292,53.292,261.292,393.25,393.25,390.63,,,
2011,5,2011.375,53.375,261.375,394.19,394.19,391.02,,,
2011,6,2011.458,53.458,261.458,393.74,393.74,391.44,,,
2011,7,2011.542,53.542,261.542,392.51,392.51,392.04,,,
2011,8,2011.625,53.625,261.625,390.13,390.13,391.83,,,
2011,9,2011.708,53.708,261.708,389.08,389.08,392.4,,,
2011,10,2011.792,53.792,261.792,389,389,392.33,,,
2011,11,2011.875,53.875,261.875,390.28,390.28,392.44,,,
2011,12,2011.958,53.958,261.958,391.86,391.86,392.66,,,
2012,1,2012.042,54.042,262.042,393.12,393.12,392.89,,,
2012,2,2012.125,54.125,262.125,393.86,393.86,393.04,,,
2012,3,2012.208,54.208,262.208,394.4,394.4,392.8,,,
2012,4,2012.292,54.292,262.292,396.18,396.18,393.43,,,
2012,5,2012.375,54.375,262.375,396.74,396.74,393.54,,,
2012,6,2012.458,54.458,262.458,395.71,395.71,393.45,,,
2012,7,2012.542,54.542,262.542,394.36,394.36,393.92,,,
2012,8,2012.625,54.625,262.625,392.39,392.39,394.17,,,
2012,9,2012.708,54.708,262.708,391.11,391.11,394.54,,,
2012,10,2012.792,54.792,262.792,391.05,391.05,394.41,,,
2012,11,2012.875,54.875,262.875,392.98,392.98,395.02,,,
2012,12,2012.958,54.958,262.958,394.34,394.34,395.04,,,
2013,1,2013.042,55.042,263.042,395.55,395.55,395.4,,,
2013,2,2013.125,55.125,263.125,396.8,396.8,396.01,,,
2013,3,2013.208,55.208,263.208,397.43,397.43,395.84,,,
2013,4,2013.292,55.292,263.292,398.41,398.41,395.53,,,
2013,5,2013.375,55.375,263.375,399.78,399.78,396.4,,,
2013,6,2013.458,55.458,263.458,398.61,398.61,396.28,,,
2013,7,2013.542,55.542,263.542,397.32,397.32,396.92,,,
2013,8,2013.625,55.625,263.625,395.2,395.2,397.08,,,
2013,9,2013.708,55.708,263.708,393.45,393.45,396.99,,,
2013,10,2013.792,55.792,263.792,393.7,393.7,397.04,,,
2013,11,2013.875,55.875,263.875,395.16,395.16,397.15,,,
2013,12,2013.958,55.958,263.958,396.84,396.84,397.59,,,
2014,1,2014.042,56.042,264.042,397.85,397.85,397.55,,,
2014,2,2014.125,56.125,264.125,398.01,398.01,397.21,,,
2014,3,2014.208,56.208,264.208,399.77,399.77,398.24,,,
2014,4,2014.292,56.292,264.292,401.38,401.38,398.49,,,
2014,5,2014.375,56.375,264.375,401.78,401.78,398.37,,,
2014,6,2014.458,56.458,264.458,401.25,401.25,398.93,,,
2014,7,2014.542,56.542,264.542,399.1,399.1,398.67,,,
2014,8,2014.625,56.625,264.625,397.03,397.03,398.92,,,
2014,9,2014.708,56.708,264.708,395.38,395.38,398.97,,,
2014,10,2014.792,56.792,264.792,396.03,396.03,399.43,,,
2014,11,2014.875,56.875,264.875,397.28,397.28,399.36,,,
2014,12,2014.958,56.958,264.958,398.91,398.91,399.64,,,
2015,1,2015.042,57.042,265.042,399.98,399.98,399.73,,,
2015,2,2015.125,57.125,265.125,400.28,400.28,399.52,,,
2015,3,2015.208,57.208,265.208,401.54,401.54,400.03,,,
2015,4,2015.292,57.292,265.292,403.28,403.28,400.38,,,
2015,5,2015.375,57.375,265.375,403.96,403.96,400.51,,,
2015,6,2015.458,57.458,265.458,402.8,402.8,400.48,,,
2015,7,2015.542,57.542,265.542,401.31,401.31,400.93,,,
2015,8,2015.625,57.625,265.625,398.93,398.93,400.85,,,
2015,9,2015.708,57.708,265.708,397.63,397.63,401.26,,,
2015,10,2015.792,57.792,265.792,398.29,398.29,401.69,,,
2015,11,2015.875,57.875,265.875,400.16,400.16,402.11,,,
2015,12,2015.958,57.958,265.958,401.85,401.85,402.51,,,
2016,1,2016.042,58.042,266.042,402.56,402.56,402.27,,,
2016,2,2016.125,58.125,266.125,404.12,404.12,403.3,,,
2016,3,2016.208,58.208,266.208,404.87,404.87,403.39,,,
2016,4,2016.292,58.292,266.292,407.45,407.45,404.62,,,
2016,5,2016.375,58.375,266.375,407.72,407.72,404.26,,,
2016,6,2016.458,58.458,266.458,406.83,406.83,404.49,,,
2016,7,2016.542,58.542,266.542,404.41,404.41,404.05,,,
2016,8,2016.625,58.625,266.625,402.27,402.27,404.19,,,
2016,9,2016.708,58.708,266.708,401.05,401.05,404.65,,,
2016,10,2016.792,58.792,266.792,401.59,401.59,404.99,,,
2016,11,2016.875,58.875,266.875,403.55,403.55,405.54,,,
2016,12,2016.958,58.958,266.958,404.45,404.45,405.12,,,
2017,1,2017.042,59.042,267.042,406.17,406.17,405.88,,,
2017,2,2017.125,59.125,267.125,406.46,406.46,405.64,,,
2017,3,2017.208,59.208,267.208,407.22,407.22,405.74,,,
2017,4,2017.292,59.292,267.292,409.04,409.04,406.21,,,
2017,5,2017.375,59.375,267.375,409.69,409.69,406.23,,,
2017,6,2017.458,59.458,267.458,408.88,408.88,406.54,,,
2017,7,2017.542,59.542,267.542,407.12,407.12,406.77,,,
2017,8,2017.625,59.625,267.625,405.13,405.13,407.04,,,
2017,9,2017.708,59.708,267.708,403.37,403.37,406.97,,,
2017,10,2017.792,59.792,267.792,403.63,403.63,407.03,,,
2017,11,2017.875,59.875,267.875,405.12,405.12,407.1,,,
2017,12,2017.958,59.958,267.958,406.81,406.81,407.48,,,
2018,1,2018.042,60.042,268.042,407.96,407.96,407.67,,,
2018,2,2018.125,60.125,268.125,408.32,408.32,407.5,,,
2018,3,2018.208,60.208,268.208,409.41,409.41,407.93,,,
2018,4,2018.292,60.292,268.292,410.24,410.24,407.41,,,
2018,5,2018.375,60.375,268.375,411.24,411.24,407.78,,,
2018,6,2018.458,60.458,268.458,410.79,410.79,408.45,,,
2018,7,2018.542,60.542,268.542,408.71,408.71,408.35,,,
2018,8,2018.625,60.625,268.625,406.99,406.99,408.9,,,
2018,9,2018.708,60.708,268.708,405.51,405.51,409.11,,,
2018,10,2018.792,60.792,268.792,406,406,409.4,,,
2018,11,2018.875,60.875,268.875,408.02,408.02,410,,,
2018,12,2018.958,60.958,268.958,409.07,409.07,409.75,,,
2019,1,2019.042,61.042,269.042,410.83,410.83,410.53,,,
2019,2,2019.125,61.125,269.125,411.75,411.75,410.93,,,
2019,3,2019.208,61.208,269.208,411.97,411.97,410.49,,,
2019,4,2019.292,61.292,269.292,413.32,413.32,410.48,,,
2019,5,2019.375,61.375,269.375,414.66,414.66,411.2,,,
2019,6,2019.458,61.458,269.458,413.92,413.92,411.57,,,
2019,7,2019.542,61.542,269.542,411.77,411.77,411.42,,,
2019,8,2019.625,61.625,269.625,409.95,409.95,411.86,,,
2019,9,2019.708,61.708,269.708,408.54,408.54,412.14,,,
2019,10,2019.792,61.792,269.792,408.53,408.53,411.93,,,
